Gen,Pieces Placed,Lines Cleared,Computation Time [min]
10,10461,38,7.78050971031189
20,22965,256,16.326243583361308
30,35773,509,24.500951067606607
40,51944,2004,34.319459640979765
50,71060,4865,46.02828372319539
60,99481,11390,62.70097022453944
70,124159,16135,76.09924968878428
80,144063,19195,85.60418466329574
