Gen,Pieces Placed,Computation Time [min]
1,665,0.2830812056859334
2,1824,0.7850637316703797
3,3109,1.3480437397956848
