Gen,Pieces Placed,Lines Cleared,Computation Time [min]
1,616,0,0.5231700539588928
2,1405,1,1.1561675826708475
3,2262,4,1.8230632424354554
4,3085,7,2.598918604850769
5,3983,11,3.309854793548584
6,4900,12,4.037564512093862
7,5874,18,4.817410206794738
