Gen,Pieces Placed,Computation Time [min]
1,619,0.1809851884841919
2,1745,0.4740468978881836
3,3011,0.7802500089009603
4,4250,1.0898132602373758
5,6185,1.558017865816752
6,8134,2.026667523384094
7,10511,2.5775273203849793
8,12513,3.073732491334279
9,15460,3.7700754404067993
10,17013,4.163183808326721
11,18713,4.569712245464325
